{
  "Interest": 46.352787017822266,
  "Concentration": 59.44997787475586
}