{
  "Interest": 23.889493942260742,
  "Concentration": 15.928659439086914
}